,trade_day
0,20050104
1,20050105
2,20050106
3,20050107
4,20050110
5,20050111
6,20050112
7,20050113
8,20050114
9,20050117
10,20050118
11,20050119
12,20050120
13,20050121
14,20050124
15,20050125
16,20050126
17,20050127
18,20050128
19,20050131
20,20050201
21,20050202
22,20050203
23,20050204
24,20050216
25,20050217
26,20050218
27,20050221
28,20050222
29,20050223
30,20050224
31,20050225
32,20050228
33,20050301
34,20050302
35,20050303
36,20050304
37,20050307
38,20050308
39,20050309
40,20050310
41,20050311
42,20050314
43,20050315
44,20050316
45,20050317
46,20050318
47,20050321
48,20050322
49,20050323
50,20050324
51,20050325
52,20050328
53,20050329
54,20050330
55,20050331
56,20050401
57,20050404
58,20050405
59,20050406
60,20050407
61,20050408
62,20050411
63,20050412
64,20050413
65,20050414
66,20050415
67,20050418
68,20050419
69,20050420
70,20050421
71,20050422
72,20050425
73,20050426
74,20050427
75,20050428
76,20050429
77,20050509
78,20050510
79,20050511
80,20050512
81,20050513
82,20050516
83,20050517
84,20050518
85,20050519
86,20050520
87,20050523
88,20050524
89,20050525
90,20050526
91,20050527
92,20050530
93,20050531
94,20050601
95,20050602
96,20050603
97,20050606
98,20050607
99,20050608
100,20050609
101,20050610
102,20050613
103,20050614
104,20050615
105,20050616
106,20050617
107,20050620
108,20050621
109,20050622
110,20050623
111,20050624
112,20050627
113,20050628
114,20050629
115,20050630
116,20050701
117,20050704
118,20050705
119,20050706
120,20050707
121,20050708
122,20050711
123,20050712
124,20050713
125,20050714
126,20050715
127,20050718
128,20050719
129,20050720
130,20050721
131,20050722
132,20050725
133,20050726
134,20050727
135,20050728
136,20050729
137,20050801
138,20050802
139,20050803
140,20050804
141,20050805
142,20050808
143,20050809
144,20050810
145,20050811
146,20050812
147,20050815
148,20050816
149,20050817
150,20050818
151,20050819
152,20050822
153,20050823
154,20050824
155,20050825
156,20050826
157,20050829
158,20050830
159,20050831
160,20050901
161,20050902
162,20050905
163,20050906
164,20050907
165,20050908
166,20050909
167,20050912
168,20050913
169,20050914
170,20050915
171,20050916
172,20050919
173,20050920
174,20050921
175,20050922
176,20050923
177,20050926
178,20050927
179,20050928
180,20050929
181,20050930
182,20051010
183,20051011
184,20051012
185,20051013
186,20051014
187,20051017
188,20051018
189,20051019
190,20051020
191,20051021
192,20051024
193,20051025
194,20051026
195,20051027
196,20051028
197,20051031
198,20051101
199,20051102
200,20051103
201,20051104
202,20051107
203,20051108
204,20051109
205,20051110
206,20051111
207,20051114
208,20051115
209,20051116
210,20051117
211,20051118
212,20051121
213,20051122
214,20051123
215,20051124
216,20051125
217,20051128
218,20051129
219,20051130
220,20051201
221,20051202
222,20051205
223,20051206
224,20051207
225,20051208
226,20051209
227,20051212
228,20051213
229,20051214
230,20051215
231,20051216
232,20051219
233,20051220
234,20051221
235,20051222
236,20051223
237,20051226
238,20051227
239,20051228
240,20051229
241,20051230
242,20060104
243,20060105
244,20060106
245,20060109
246,20060110
247,20060111
248,20060112
249,20060113
250,20060116
251,20060117
252,20060118
253,20060119
254,20060120
255,20060123
256,20060124
257,20060125
258,20060206
259,20060207
260,20060208
261,20060209
262,20060210
263,20060213
264,20060214
265,20060215
266,20060216
267,20060217
268,20060220
269,20060221
270,20060222
271,20060223
272,20060224
273,20060227
274,20060228
275,20060301
276,20060302
277,20060303
278,20060306
279,20060307
280,20060308
281,20060309
282,20060310
283,20060313
284,20060314
285,20060315
286,20060316
287,20060317
288,20060320
289,20060321
290,20060322
291,20060323
292,20060324
293,20060327
294,20060328
295,20060329
296,20060330
297,20060331
298,20060403
299,20060404
300,20060405
301,20060406
302,20060407
303,20060410
304,20060411
305,20060412
306,20060413
307,20060414
308,20060417
309,20060418
310,20060419
311,20060420
312,20060421
313,20060424
314,20060425
315,20060426
316,20060427
317,20060428
318,20060508
319,20060509
320,20060510
321,20060511
322,20060512
323,20060515
324,20060516
325,20060517
326,20060518
327,20060519
328,20060522
329,20060523
330,20060524
331,20060525
332,20060526
333,20060529
334,20060530
335,20060531
336,20060601
337,20060602
338,20060605
339,20060606
340,20060607
341,20060608
342,20060609
343,20060612
344,20060613
345,20060614
346,20060615
347,20060616
348,20060619
349,20060620
350,20060621
351,20060622
352,20060623
353,20060626
354,20060627
355,20060628
356,20060629
357,20060630
358,20060703
359,20060704
360,20060705
361,20060706
362,20060707
363,20060710
364,20060711
365,20060712
366,20060713
367,20060714
368,20060717
369,20060718
370,20060719
371,20060720
372,20060721
373,20060724
374,20060725
375,20060726
376,20060727
377,20060728
378,20060731
379,20060801
380,20060802
381,20060803
382,20060804
383,20060807
384,20060808
385,20060809
386,20060810
387,20060811
388,20060814
389,20060815
390,20060816
391,20060817
392,20060818
393,20060821
394,20060822
395,20060823
396,20060824
397,20060825
398,20060828
399,20060829
400,20060830
401,20060831
402,20060901
403,20060904
404,20060905
405,20060906
406,20060907
407,20060908
408,20060911
409,20060912
410,20060913
411,20060914
412,20060915
413,20060918
414,20060919
415,20060920
416,20060921
417,20060922
418,20060925
419,20060926
420,20060927
421,20060928
422,20060929
423,20061009
424,20061010
425,20061011
426,20061012
427,20061013
428,20061016
429,20061017
430,20061018
431,20061019
432,20061020
433,20061023
434,20061024
435,20061025
436,20061026
437,20061027
438,20061030
439,20061031
440,20061101
441,20061102
442,20061103
443,20061106
444,20061107
445,20061108
446,20061109
447,20061110
448,20061113
449,20061114
450,20061115
451,20061116
452,20061117
453,20061120
454,20061121
455,20061122
456,20061123
457,20061124
458,20061127
459,20061128
460,20061129
461,20061130
462,20061201
463,20061204
464,20061205
465,20061206
466,20061207
467,20061208
468,20061211
469,20061212
470,20061213
471,20061214
472,20061215
473,20061218
474,20061219
475,20061220
476,20061221
477,20061222
478,20061225
479,20061226
480,20061227
481,20061228
482,20061229
483,20070104
484,20070105
485,20070108
486,20070109
487,20070110
488,20070111
489,20070112
490,20070115
491,20070116
492,20070117
493,20070118
494,20070119
495,20070122
496,20070123
497,20070124
498,20070125
499,20070126
500,20070129
501,20070130
502,20070131
503,20070201
504,20070202
505,20070205
506,20070206
507,20070207
508,20070208
509,20070209
510,20070212
511,20070213
512,20070214
513,20070215
514,20070216
515,20070226
516,20070227
517,20070228
518,20070301
519,20070302
520,20070305
521,20070306
522,20070307
523,20070308
524,20070309
525,20070312
526,20070313
527,20070314
528,20070315
529,20070316
530,20070319
531,20070320
532,20070321
533,20070322
534,20070323
535,20070326
536,20070327
537,20070328
538,20070329
539,20070330
540,20070402
541,20070403
542,20070404
543,20070405
544,20070406
545,20070409
546,20070410
547,20070411
548,20070412
549,20070413
550,20070416
551,20070417
552,20070418
553,20070419
554,20070420
555,20070423
556,20070424
557,20070425
558,20070426
559,20070427
560,20070430
561,20070508
562,20070509
563,20070510
564,20070511
565,20070514
566,20070515
567,20070516
568,20070517
569,20070518
570,20070521
571,20070522
572,20070523
573,20070524
574,20070525
575,20070528
576,20070529
577,20070530
578,20070531
579,20070601
580,20070604
581,20070605
582,20070606
583,20070607
584,20070608
585,20070611
586,20070612
587,20070613
588,20070614
589,20070615
590,20070618
591,20070619
592,20070620
593,20070621
594,20070622
595,20070625
596,20070626
597,20070627
598,20070628
599,20070629
600,20070702
601,20070703
602,20070704
603,20070705
604,20070706
605,20070709
606,20070710
607,20070711
608,20070712
609,20070713
610,20070716
611,20070717
612,20070718
613,20070719
614,20070720
615,20070723
616,20070724
617,20070725
618,20070726
619,20070727
620,20070730
621,20070731
622,20070801
623,20070802
624,20070803
625,20070806
626,20070807
627,20070808
628,20070809
629,20070810
630,20070813
631,20070814
632,20070815
633,20070816
634,20070817
635,20070820
636,20070821
637,20070822
638,20070823
639,20070824
640,20070827
641,20070828
642,20070829
643,20070830
644,20070831
645,20070903
646,20070904
647,20070905
648,20070906
649,20070907
650,20070910
651,20070911
652,20070912
653,20070913
654,20070914
655,20070917
656,20070918
657,20070919
658,20070920
659,20070921
660,20070924
661,20070925
662,20070926
663,20070927
664,20070928
665,20071008
666,20071009
667,20071010
668,20071011
669,20071012
670,20071015
671,20071016
672,20071017
673,20071018
674,20071019
675,20071022
676,20071023
677,20071024
678,20071025
679,20071026
680,20071029
681,20071030
682,20071031
683,20071101
684,20071102
685,20071105
686,20071106
687,20071107
688,20071108
689,20071109
690,20071112
691,20071113
692,20071114
693,20071115
694,20071116
695,20071119
696,20071120
697,20071121
698,20071122
699,20071123
700,20071126
701,20071127
702,20071128
703,20071129
704,20071130
705,20071203
706,20071204
707,20071205
708,20071206
709,20071207
710,20071210
711,20071211
712,20071212
713,20071213
714,20071214
715,20071217
716,20071218
717,20071219
718,20071220
719,20071221
720,20071224
721,20071225
722,20071226
723,20071227
724,20071228
725,20080102
726,20080103
727,20080104
728,20080107
729,20080108
730,20080109
731,20080110
732,20080111
733,20080114
734,20080115
735,20080116
736,20080117
737,20080118
738,20080121
739,20080122
740,20080123
741,20080124
742,20080125
743,20080128
744,20080129
745,20080130
746,20080131
747,20080201
748,20080204
749,20080205
750,20080213
751,20080214
752,20080215
753,20080218
754,20080219
755,20080220
756,20080221
757,20080222
758,20080225
759,20080226
760,20080227
761,20080228
762,20080229
763,20080303
764,20080304
765,20080305
766,20080306
767,20080307
768,20080310
769,20080311
770,20080312
771,20080313
772,20080314
773,20080317
774,20080318
775,20080319
776,20080320
777,20080321
778,20080324
779,20080325
780,20080326
781,20080327
782,20080328
783,20080331
784,20080401
785,20080402
786,20080403
787,20080407
788,20080408
789,20080409
790,20080410
791,20080411
792,20080414
793,20080415
794,20080416
795,20080417
796,20080418
797,20080421
798,20080422
799,20080423
800,20080424
801,20080425
802,20080428
803,20080429
804,20080430
805,20080505
806,20080506
807,20080507
808,20080508
809,20080509
810,20080512
811,20080513
812,20080514
813,20080515
814,20080516
815,20080519
816,20080520
817,20080521
818,20080522
819,20080523
820,20080526
821,20080527
822,20080528
823,20080529
824,20080530
825,20080602
826,20080603
827,20080604
828,20080605
829,20080606
830,20080610
831,20080611
832,20080612
833,20080613
834,20080616
835,20080617
836,20080618
837,20080619
838,20080620
839,20080623
840,20080624
841,20080625
842,20080626
843,20080627
844,20080630
845,20080701
846,20080702
847,20080703
848,20080704
849,20080707
850,20080708
851,20080709
852,20080710
853,20080711
854,20080714
855,20080715
856,20080716
857,20080717
858,20080718
859,20080721
860,20080722
861,20080723
862,20080724
863,20080725
864,20080728
865,20080729
866,20080730
867,20080731
868,20080801
869,20080804
870,20080805
871,20080806
872,20080807
873,20080808
874,20080811
875,20080812
876,20080813
877,20080814
878,20080815
879,20080818
880,20080819
881,20080820
882,20080821
883,20080822
884,20080825
885,20080826
886,20080827
887,20080828
888,20080829
889,20080901
890,20080902
891,20080903
892,20080904
893,20080905
894,20080908
895,20080909
896,20080910
897,20080911
898,20080912
899,20080916
900,20080917
901,20080918
902,20080919
903,20080922
904,20080923
905,20080924
906,20080925
907,20080926
908,20081006
909,20081007
910,20081008
911,20081009
912,20081010
913,20081013
914,20081014
915,20081015
916,20081016
917,20081017
918,20081020
919,20081021
920,20081022
921,20081023
922,20081024
923,20081027
924,20081028
925,20081029
926,20081030
927,20081031
928,20081103
929,20081104
930,20081105
931,20081106
932,20081107
933,20081110
934,20081111
935,20081112
936,20081113
937,20081114
938,20081117
939,20081118
940,20081119
941,20081120
942,20081121
943,20081124
944,20081125
945,20081126
946,20081127
947,20081128
948,20081201
949,20081202
950,20081203
951,20081204
952,20081205
953,20081208
954,20081209
955,20081210
956,20081211
957,20081212
958,20081215
959,20081216
960,20081217
961,20081218
962,20081219
963,20081222
964,20081223
965,20081224
966,20081225
967,20081226
968,20081229
969,20081230
970,20081231
971,20090105
972,20090106
973,20090107
974,20090108
975,20090109
976,20090112
977,20090113
978,20090114
979,20090115
980,20090116
981,20090119
982,20090120
983,20090121
984,20090122
985,20090123
986,20090202
987,20090203
988,20090204
989,20090205
990,20090206
991,20090209
992,20090210
993,20090211
994,20090212
995,20090213
996,20090216
997,20090217
998,20090218
999,20090219
1000,20090220
1001,20090223
1002,20090224
1003,20090225
1004,20090226
1005,20090227
1006,20090302
1007,20090303
1008,20090304
1009,20090305
1010,20090306
1011,20090309
1012,20090310
1013,20090311
1014,20090312
1015,20090313
1016,20090316
1017,20090317
1018,20090318
1019,20090319
1020,20090320
1021,20090323
1022,20090324
1023,20090325
1024,20090326
1025,20090327
1026,20090330
1027,20090331
1028,20090401
1029,20090402
1030,20090403
1031,20090407
1032,20090408
1033,20090409
1034,20090410
1035,20090413
1036,20090414
1037,20090415
1038,20090416
1039,20090417
1040,20090420
1041,20090421
1042,20090422
1043,20090423
1044,20090424
1045,20090427
1046,20090428
1047,20090429
1048,20090430
1049,20090504
1050,20090505
1051,20090506
1052,20090507
1053,20090508
1054,20090511
1055,20090512
1056,20090513
1057,20090514
1058,20090515
1059,20090518
1060,20090519
1061,20090520
1062,20090521
1063,20090522
1064,20090525
1065,20090526
1066,20090527
1067,20090601
1068,20090602
1069,20090603
1070,20090604
1071,20090605
1072,20090608
1073,20090609
1074,20090610
1075,20090611
1076,20090612
1077,20090615
1078,20090616
1079,20090617
1080,20090618
1081,20090619
1082,20090622
1083,20090623
1084,20090624
1085,20090625
1086,20090626
1087,20090629
1088,20090630
1089,20090701
1090,20090702
1091,20090703
1092,20090706
1093,20090707
1094,20090708
1095,20090709
1096,20090710
1097,20090713
1098,20090714
1099,20090715
1100,20090716
1101,20090717
1102,20090720
1103,20090721
1104,20090722
1105,20090723
1106,20090724
1107,20090727
1108,20090728
1109,20090729
1110,20090730
1111,20090731
1112,20090803
1113,20090804
1114,20090805
1115,20090806
1116,20090807
1117,20090810
1118,20090811
1119,20090812
1120,20090813
1121,20090814
1122,20090817
1123,20090818
1124,20090819
1125,20090820
1126,20090821
1127,20090824
1128,20090825
1129,20090826
1130,20090827
1131,20090828
1132,20090831
1133,20090901
1134,20090902
1135,20090903
1136,20090904
1137,20090907
1138,20090908
1139,20090909
1140,20090910
1141,20090911
1142,20090914
1143,20090915
1144,20090916
1145,20090917
1146,20090918
1147,20090921
1148,20090922
1149,20090923
1150,20090924
1151,20090925
1152,20090928
1153,20090929
1154,20090930
1155,20091009
1156,20091012
1157,20091013
1158,20091014
1159,20091015
1160,20091016
1161,20091019
1162,20091020
1163,20091021
1164,20091022
1165,20091023
1166,20091026
1167,20091027
1168,20091028
1169,20091029
1170,20091030
1171,20091102
1172,20091103
1173,20091104
1174,20091105
1175,20091106
1176,20091109
1177,20091110
1178,20091111
1179,20091112
1180,20091113
1181,20091116
1182,20091117
1183,20091118
1184,20091119
1185,20091120
1186,20091123
1187,20091124
1188,20091125
1189,20091126
1190,20091127
1191,20091130
1192,20091201
1193,20091202
1194,20091203
1195,20091204
1196,20091207
1197,20091208
1198,20091209
1199,20091210
1200,20091211
1201,20091214
1202,20091215
1203,20091216
1204,20091217
1205,20091218
1206,20091221
1207,20091222
1208,20091223
1209,20091224
1210,20091225
1211,20091228
1212,20091229
1213,20091230
1214,20091231
1215,20100104
1216,20100105
1217,20100106
1218,20100107
1219,20100108
1220,20100111
1221,20100112
1222,20100113
1223,20100114
1224,20100115
1225,20100118
1226,20100119
1227,20100120
1228,20100121
1229,20100122
1230,20100125
1231,20100126
1232,20100127
1233,20100128
1234,20100129
1235,20100201
1236,20100202
1237,20100203
1238,20100204
1239,20100205
1240,20100208
1241,20100209
1242,20100210
1243,20100211
1244,20100212
1245,20100222
1246,20100223
1247,20100224
1248,20100225
1249,20100226
1250,20100301
1251,20100302
1252,20100303
1253,20100304
1254,20100305
1255,20100308
1256,20100309
1257,20100310
1258,20100311
1259,20100312
1260,20100315
1261,20100316
1262,20100317
1263,20100318
1264,20100319
1265,20100322
1266,20100323
1267,20100324
1268,20100325
1269,20100326
1270,20100329
1271,20100330
1272,20100331
1273,20100401
1274,20100402
1275,20100406
1276,20100407
1277,20100408
1278,20100409
1279,20100412
1280,20100413
1281,20100414
1282,20100415
1283,20100416
1284,20100419
1285,20100420
1286,20100421
1287,20100422
1288,20100423
1289,20100426
1290,20100427
1291,20100428
1292,20100429
1293,20100430
1294,20100504
1295,20100505
1296,20100506
1297,20100507
1298,20100510
1299,20100511
1300,20100512
1301,20100513
1302,20100514
1303,20100517
1304,20100518
1305,20100519
1306,20100520
1307,20100521
1308,20100524
1309,20100525
1310,20100526
1311,20100527
1312,20100528
1313,20100531
1314,20100601
1315,20100602
1316,20100603
1317,20100604
1318,20100607
1319,20100608
1320,20100609
1321,20100610
1322,20100611
1323,20100617
1324,20100618
1325,20100621
1326,20100622
1327,20100623
1328,20100624
1329,20100625
1330,20100628
1331,20100629
1332,20100630
1333,20100701
1334,20100702
1335,20100705
1336,20100706
1337,20100707
1338,20100708
1339,20100709
1340,20100712
1341,20100713
1342,20100714
1343,20100715
1344,20100716
1345,20100719
1346,20100720
1347,20100721
1348,20100722
1349,20100723
1350,20100726
1351,20100727
1352,20100728
1353,20100729
1354,20100730
1355,20100802
1356,20100803
1357,20100804
1358,20100805
1359,20100806
1360,20100809
1361,20100810
1362,20100811
1363,20100812
1364,20100813
1365,20100816
1366,20100817
1367,20100818
1368,20100819
1369,20100820
1370,20100823
1371,20100824
1372,20100825
1373,20100826
1374,20100827
1375,20100830
1376,20100831
1377,20100901
1378,20100902
1379,20100903
1380,20100906
1381,20100907
1382,20100908
1383,20100909
1384,20100910
1385,20100913
1386,20100914
1387,20100915
1388,20100916
1389,20100917
1390,20100920
1391,20100921
1392,20100927
1393,20100928
1394,20100929
1395,20100930
1396,20101008
1397,20101011
1398,20101012
1399,20101013
1400,20101014
1401,20101015
1402,20101018
1403,20101019
1404,20101020
1405,20101021
1406,20101022
1407,20101025
1408,20101026
1409,20101027
1410,20101028
1411,20101029
1412,20101101
1413,20101102
1414,20101103
1415,20101104
1416,20101105
1417,20101108
1418,20101109
1419,20101110
1420,20101111
1421,20101112
1422,20101115
1423,20101116
1424,20101117
1425,20101118
1426,20101119
1427,20101122
1428,20101123
1429,20101124
1430,20101125
1431,20101126
1432,20101129
1433,20101130
1434,20101201
1435,20101202
1436,20101203
1437,20101206
1438,20101207
1439,20101208
1440,20101209
1441,20101210
1442,20101213
1443,20101214
1444,20101215
1445,20101216
1446,20101217
1447,20101220
1448,20101221
1449,20101222
1450,20101223
1451,20101224
1452,20101227
1453,20101228
1454,20101229
1455,20101230
1456,20101231
1457,20110104
1458,20110105
1459,20110106
1460,20110107
1461,20110110
1462,20110111
1463,20110112
1464,20110113
1465,20110114
1466,20110117
1467,20110118
1468,20110119
1469,20110120
1470,20110121
1471,20110124
1472,20110125
1473,20110126
1474,20110127
1475,20110128
1476,20110131
1477,20110201
1478,20110209
1479,20110210
1480,20110211
1481,20110214
1482,20110215
1483,20110216
1484,20110217
1485,20110218
1486,20110221
1487,20110222
1488,20110223
1489,20110224
1490,20110225
1491,20110228
1492,20110301
1493,20110302
1494,20110303
1495,20110304
1496,20110307
1497,20110308
1498,20110309
1499,20110310
1500,20110311
1501,20110314
1502,20110315
1503,20110316
1504,20110317
1505,20110318
1506,20110321
1507,20110322
1508,20110323
1509,20110324
1510,20110325
1511,20110328
1512,20110329
1513,20110330
1514,20110331
1515,20110401
1516,20110406
1517,20110407
1518,20110408
1519,20110411
1520,20110412
1521,20110413
1522,20110414
1523,20110415
1524,20110418
1525,20110419
1526,20110420
1527,20110421
1528,20110422
1529,20110425
1530,20110426
1531,20110427
1532,20110428
1533,20110429
1534,20110503
1535,20110504
1536,20110505
1537,20110506
1538,20110509
1539,20110510
1540,20110511
1541,20110512
1542,20110513
1543,20110516
1544,20110517
1545,20110518
1546,20110519
1547,20110520
1548,20110523
1549,20110524
1550,20110525
1551,20110526
1552,20110527
1553,20110530
1554,20110531
1555,20110601
1556,20110602
1557,20110603
1558,20110607
1559,20110608
1560,20110609
1561,20110610
1562,20110613
1563,20110614
1564,20110615
1565,20110616
1566,20110617
1567,20110620
1568,20110621
1569,20110622
1570,20110623
1571,20110624
1572,20110627
1573,20110628
1574,20110629
1575,20110630
1576,20110701
1577,20110704
1578,20110705
1579,20110706
1580,20110707
1581,20110708
1582,20110711
1583,20110712
1584,20110713
1585,20110714
1586,20110715
1587,20110718
1588,20110719
1589,20110720
1590,20110721
1591,20110722
1592,20110725
1593,20110726
1594,20110727
1595,20110728
1596,20110729
1597,20110801
1598,20110802
1599,20110803
1600,20110804
1601,20110805
1602,20110808
1603,20110809
1604,20110810
1605,20110811
1606,20110812
1607,20110815
1608,20110816
1609,20110817
1610,20110818
1611,20110819
1612,20110822
1613,20110823
1614,20110824
1615,20110825
1616,20110826
1617,20110829
1618,20110830
1619,20110831
1620,20110901
1621,20110902
1622,20110905
1623,20110906
1624,20110907
1625,20110908
1626,20110909
1627,20110913
1628,20110914
1629,20110915
1630,20110916
1631,20110919
1632,20110920
1633,20110921
1634,20110922
1635,20110923
1636,20110926
1637,20110927
1638,20110928
1639,20110929
1640,20110930
1641,20111010
1642,20111011
1643,20111012
1644,20111013
1645,20111014
1646,20111017
1647,20111018
1648,20111019
1649,20111020
1650,20111021
1651,20111024
1652,20111025
1653,20111026
1654,20111027
1655,20111028
1656,20111031
1657,20111101
1658,20111102
1659,20111103
1660,20111104
1661,20111107
1662,20111108
1663,20111109
1664,20111110
1665,20111111
1666,20111114
1667,20111115
1668,20111116
1669,20111117
1670,20111118
1671,20111121
1672,20111122
1673,20111123
1674,20111124
1675,20111125
1676,20111128
1677,20111129
1678,20111130
1679,20111201
1680,20111202
1681,20111205
1682,20111206
1683,20111207
1684,20111208
1685,20111209
1686,20111212
1687,20111213
1688,20111214
1689,20111215
1690,20111216
1691,20111219
1692,20111220
1693,20111221
1694,20111222
1695,20111223
1696,20111226
1697,20111227
1698,20111228
1699,20111229
1700,20111230
1701,20120104
1702,20120105
1703,20120106
1704,20120109
1705,20120110
1706,20120111
1707,20120112
1708,20120113
1709,20120116
1710,20120117
1711,20120118
1712,20120119
1713,20120120
1714,20120130
1715,20120131
1716,20120201
1717,20120202
1718,20120203
1719,20120206
1720,20120207
1721,20120208
1722,20120209
1723,20120210
1724,20120213
1725,20120214
1726,20120215
1727,20120216
1728,20120217
1729,20120220
1730,20120221
1731,20120222
1732,20120223
1733,20120224
1734,20120227
1735,20120228
1736,20120229
1737,20120301
1738,20120302
1739,20120305
1740,20120306
1741,20120307
1742,20120308
1743,20120309
1744,20120312
1745,20120313
1746,20120314
1747,20120315
1748,20120316
1749,20120319
1750,20120320
1751,20120321
1752,20120322
1753,20120323
1754,20120326
1755,20120327
1756,20120328
1757,20120329
1758,20120330
1759,20120405
1760,20120406
1761,20120409
1762,20120410
1763,20120411
1764,20120412
1765,20120413
1766,20120416
1767,20120417
1768,20120418
1769,20120419
1770,20120420
1771,20120423
1772,20120424
1773,20120425
1774,20120426
1775,20120427
1776,20120502
1777,20120503
1778,20120504
1779,20120507
1780,20120508
1781,20120509
1782,20120510
1783,20120511
1784,20120514
1785,20120515
1786,20120516
1787,20120517
1788,20120518
1789,20120521
1790,20120522
1791,20120523
1792,20120524
1793,20120525
1794,20120528
1795,20120529
1796,20120530
1797,20120531
1798,20120601
1799,20120604
1800,20120605
1801,20120606
1802,20120607
1803,20120608
1804,20120611
1805,20120612
1806,20120613
1807,20120614
1808,20120615
1809,20120618
1810,20120619
1811,20120620
1812,20120621
1813,20120625
1814,20120626
1815,20120627
1816,20120628
1817,20120629
1818,20120702
1819,20120703
1820,20120704
1821,20120705
1822,20120706
1823,20120709
1824,20120710
1825,20120711
1826,20120712
1827,20120713
1828,20120716
1829,20120717
1830,20120718
1831,20120719
1832,20120720
1833,20120723
1834,20120724
1835,20120725
1836,20120726
1837,20120727
1838,20120730
1839,20120731
1840,20120801
1841,20120802
1842,20120803
1843,20120806
1844,20120807
1845,20120808
1846,20120809
1847,20120810
1848,20120813
1849,20120814
1850,20120815
1851,20120816
1852,20120817
1853,20120820
1854,20120821
1855,20120822
1856,20120823
1857,20120824
1858,20120827
1859,20120828
1860,20120829
1861,20120830
1862,20120831
1863,20120903
1864,20120904
1865,20120905
1866,20120906
1867,20120907
1868,20120910
1869,20120911
1870,20120912
1871,20120913
1872,20120914
1873,20120917
1874,20120918
1875,20120919
1876,20120920
1877,20120921
1878,20120924
1879,20120925
1880,20120926
1881,20120927
1882,20120928
1883,20121008
1884,20121009
1885,20121010
1886,20121011
1887,20121012
1888,20121015
1889,20121016
1890,20121017
1891,20121018
1892,20121019
1893,20121022
1894,20121023
1895,20121024
1896,20121025
1897,20121026
1898,20121029
1899,20121030
1900,20121031
1901,20121101
1902,20121102
1903,20121105
1904,20121106
1905,20121107
1906,20121108
1907,20121109
1908,20121112
1909,20121113
1910,20121114
1911,20121115
1912,20121116
1913,20121119
1914,20121120
1915,20121121
1916,20121122
1917,20121123
1918,20121126
1919,20121127
1920,20121128
1921,20121129
1922,20121130
1923,20121203
1924,20121204
1925,20121205
1926,20121206
1927,20121207
1928,20121210
1929,20121211
1930,20121212
1931,20121213
1932,20121214
1933,20121217
1934,20121218
1935,20121219
1936,20121220
1937,20121221
1938,20121224
1939,20121225
1940,20121226
1941,20121227
1942,20121228
1943,20121231
1944,20130104
1945,20130107
1946,20130108
1947,20130109
1948,20130110
1949,20130111
1950,20130114
1951,20130115
1952,20130116
1953,20130117
1954,20130118
1955,20130121
1956,20130122
1957,20130123
1958,20130124
1959,20130125
1960,20130128
1961,20130129
1962,20130130
1963,20130131
1964,20130201
1965,20130204
1966,20130205
1967,20130206
1968,20130207
1969,20130208
1970,20130218
1971,20130219
1972,20130220
1973,20130221
1974,20130222
1975,20130225
1976,20130226
1977,20130227
1978,20130228
1979,20130301
1980,20130304
1981,20130305
1982,20130306
1983,20130307
1984,20130308
1985,20130311
1986,20130312
1987,20130313
1988,20130314
1989,20130315
1990,20130318
1991,20130319
1992,20130320
1993,20130321
1994,20130322
1995,20130325
1996,20130326
1997,20130327
1998,20130328
1999,20130329
2000,20130401
2001,20130402
2002,20130403
2003,20130408
2004,20130409
2005,20130410
2006,20130411
2007,20130412
2008,20130415
2009,20130416
2010,20130417
2011,20130418
2012,20130419
2013,20130422
2014,20130423
2015,20130424
2016,20130425
2017,20130426
2018,20130502
2019,20130503
2020,20130506
2021,20130507
2022,20130508
2023,20130509
2024,20130510
2025,20130513
2026,20130514
2027,20130515
2028,20130516
2029,20130517
2030,20130520
2031,20130521
2032,20130522
2033,20130523
2034,20130524
2035,20130527
2036,20130528
2037,20130529
2038,20130530
2039,20130531
2040,20130603
2041,20130604
2042,20130605
2043,20130606
2044,20130607
2045,20130613
2046,20130614
2047,20130617
2048,20130618
2049,20130619
2050,20130620
2051,20130621
2052,20130624
2053,20130625
2054,20130626
2055,20130627
2056,20130628
2057,20130701
2058,20130702
2059,20130703
2060,20130704
2061,20130705
2062,20130708
2063,20130709
2064,20130710
2065,20130711
2066,20130712
2067,20130715
2068,20130716
2069,20130717
2070,20130718
2071,20130719
2072,20130722
2073,20130723
2074,20130724
2075,20130725
2076,20130726
2077,20130729
2078,20130730
2079,20130731
2080,20130801
2081,20130802
2082,20130805
2083,20130806
2084,20130807
2085,20130808
2086,20130809
2087,20130812
2088,20130813
2089,20130814
2090,20130815
2091,20130816
2092,20130819
2093,20130820
2094,20130821
2095,20130822
2096,20130823
2097,20130826
2098,20130827
2099,20130828
2100,20130829
2101,20130830
2102,20130902
2103,20130903
2104,20130904
2105,20130905
2106,20130906
2107,20130909
2108,20130910
2109,20130911
2110,20130912
2111,20130913
2112,20130916
2113,20130917
2114,20130918
2115,20130923
2116,20130924
2117,20130925
2118,20130926
2119,20130927
2120,20130930
2121,20131008
2122,20131009
2123,20131010
2124,20131011
2125,20131014
2126,20131015
2127,20131016
2128,20131017
2129,20131018
2130,20131021
2131,20131022
2132,20131023
2133,20131024
2134,20131025
2135,20131028
2136,20131029
2137,20131030
2138,20131031
2139,20131101
2140,20131104
2141,20131105
2142,20131106
2143,20131107
2144,20131108
2145,20131111
2146,20131112
2147,20131113
2148,20131114
2149,20131115
2150,20131118
2151,20131119
2152,20131120
2153,20131121
2154,20131122
2155,20131125
2156,20131126
2157,20131127
2158,20131128
2159,20131129
2160,20131202
2161,20131203
2162,20131204
2163,20131205
2164,20131206
2165,20131209
2166,20131210
2167,20131211
2168,20131212
2169,20131213
2170,20131216
2171,20131217
2172,20131218
2173,20131219
2174,20131220
2175,20131223
2176,20131224
2177,20131225
2178,20131226
2179,20131227
2180,20131230
2181,20131231
2182,20140102
2183,20140103
2184,20140106
2185,20140107
2186,20140108
2187,20140109
2188,20140110
2189,20140113
2190,20140114
2191,20140115
2192,20140116
2193,20140117
2194,20140120
2195,20140121
2196,20140122
2197,20140123
2198,20140124
2199,20140127
2200,20140128
2201,20140129
2202,20140130
2203,20140207
2204,20140210
2205,20140211
2206,20140212
2207,20140213
2208,20140214
2209,20140217
2210,20140218
2211,20140219
2212,20140220
2213,20140221
2214,20140224
2215,20140225
2216,20140226
2217,20140227
2218,20140228
2219,20140303
2220,20140304
2221,20140305
2222,20140306
2223,20140307
2224,20140310
2225,20140311
2226,20140312
2227,20140313
2228,20140314
2229,20140317
2230,20140318
2231,20140319
2232,20140320
2233,20140321
2234,20140324
2235,20140325
2236,20140326
2237,20140327
2238,20140328
2239,20140331
2240,20140401
2241,20140402
2242,20140403
2243,20140404
2244,20140408
2245,20140409
2246,20140410
2247,20140411
2248,20140414
2249,20140415
2250,20140416
2251,20140417
2252,20140418
2253,20140421
2254,20140422
2255,20140423
2256,20140424
2257,20140425
2258,20140428
2259,20140429
2260,20140430
2261,20140505
2262,20140506
2263,20140507
2264,20140508
2265,20140509
2266,20140512
2267,20140513
2268,20140514
2269,20140515
2270,20140516
2271,20140519
2272,20140520
2273,20140521
2274,20140522
2275,20140523
2276,20140526
2277,20140527
2278,20140528
2279,20140529
2280,20140530
2281,20140603
2282,20140604
2283,20140605
2284,20140606
2285,20140609
2286,20140610
2287,20140611
2288,20140612
2289,20140613
2290,20140616
2291,20140617
2292,20140618
2293,20140619
2294,20140620
2295,20140623
2296,20140624
2297,20140625
2298,20140626
2299,20140627
2300,20140630
2301,20140701
2302,20140702
2303,20140703
2304,20140704
2305,20140707
2306,20140708
2307,20140709
2308,20140710
2309,20140711
2310,20140714
2311,20140715
2312,20140716
2313,20140717
2314,20140718
2315,20140721
2316,20140722
2317,20140723
2318,20140724
2319,20140725
2320,20140728
2321,20140729
2322,20140730
2323,20140731
2324,20140801
2325,20140804
2326,20140805
2327,20140806
2328,20140807
2329,20140808
2330,20140811
2331,20140812
2332,20140813
2333,20140814
2334,20140815
2335,20140818
2336,20140819
2337,20140820
2338,20140821
2339,20140822
2340,20140825
2341,20140826
2342,20140827
2343,20140828
2344,20140829
2345,20140901
2346,20140902
2347,20140903
2348,20140904
2349,20140905
2350,20140909
2351,20140910
2352,20140911
2353,20140912
2354,20140915
2355,20140916
2356,20140917
2357,20140918
2358,20140919
2359,20140922
2360,20140923
2361,20140924
2362,20140925
2363,20140926
2364,20140929
2365,20140930
2366,20141008
2367,20141009
2368,20141010
2369,20141013
2370,20141014
2371,20141015
2372,20141016
2373,20141017
2374,20141020
2375,20141021
2376,20141022
2377,20141023
2378,20141024
2379,20141027
2380,20141028
2381,20141029
2382,20141030
2383,20141031
2384,20141103
2385,20141104
2386,20141105
2387,20141106
2388,20141107
2389,20141110
2390,20141111
2391,20141112
2392,20141113
2393,20141114
2394,20141117
2395,20141118
2396,20141119
2397,20141120
2398,20141121
2399,20141124
2400,20141125
2401,20141126
2402,20141127
2403,20141128
2404,20141201
2405,20141202
2406,20141203
2407,20141204
2408,20141205
2409,20141208
2410,20141209
2411,20141210
2412,20141211
2413,20141212
2414,20141215
2415,20141216
2416,20141217
2417,20141218
2418,20141219
2419,20141222
2420,20141223
2421,20141224
2422,20141225
2423,20141226
2424,20141229
2425,20141230
2426,20141231
2427,20150105
2428,20150106
2429,20150107
2430,20150108
2431,20150109
2432,20150112
2433,20150113
2434,20150114
2435,20150115
2436,20150116
2437,20150119
2438,20150120
2439,20150121
2440,20150122
2441,20150123
2442,20150126
2443,20150127
2444,20150128
2445,20150129
2446,20150130
2447,20150202
2448,20150203
2449,20150204
2450,20150205
2451,20150206
2452,20150209
2453,20150210
2454,20150211
2455,20150212
2456,20150213
2457,20150216
2458,20150217
2459,20150225
2460,20150226
2461,20150227
2462,20150302
2463,20150303
2464,20150304
2465,20150305
2466,20150306
2467,20150309
2468,20150310
2469,20150311
2470,20150312
2471,20150313
2472,20150316
2473,20150317
2474,20150318
2475,20150319
2476,20150320
2477,20150323
2478,20150324
2479,20150325
2480,20150326
2481,20150327
2482,20150330
2483,20150331
2484,20150401
2485,20150402
2486,20150403
2487,20150407
2488,20150408
2489,20150409
2490,20150410
2491,20150413
2492,20150414
2493,20150415
2494,20150416
2495,20150417
2496,20150420
2497,20150421
2498,20150422
2499,20150423
2500,20150424
2501,20150427
2502,20150428
2503,20150429
2504,20150430
2505,20150504
2506,20150505
2507,20150506
2508,20150507
2509,20150508
2510,20150511
2511,20150512
2512,20150513
2513,20150514
2514,20150515
2515,20150518
2516,20150519
2517,20150520
2518,20150521
2519,20150522
2520,20150525
2521,20150526
2522,20150527
2523,20150528
2524,20150529
2525,20150601
2526,20150602
2527,20150603
2528,20150604
2529,20150605
2530,20150608
2531,20150609
2532,20150610
2533,20150611
2534,20150612
2535,20150615
2536,20150616
2537,20150617
2538,20150618
2539,20150619
2540,20150623
2541,20150624
2542,20150625
2543,20150626
2544,20150629
2545,20150630
2546,20150701
2547,20150702
2548,20150703
2549,20150706
2550,20150707
2551,20150708
2552,20150709
2553,20150710
2554,20150713
2555,20150714
2556,20150715
2557,20150716
2558,20150717
2559,20150720
2560,20150721
2561,20150722
2562,20150723
2563,20150724
2564,20150727
2565,20150728
2566,20150729
2567,20150730
2568,20150731
2569,20150803
2570,20150804
2571,20150805
2572,20150806
2573,20150807
2574,20150810
2575,20150811
2576,20150812
2577,20150813
2578,20150814
2579,20150817
2580,20150818
2581,20150819
2582,20150820
2583,20150821
2584,20150824
2585,20150825
2586,20150826
2587,20150827
2588,20150828
2589,20150831
2590,20150901
2591,20150902
2592,20150907
2593,20150908
2594,20150909
2595,20150910
2596,20150911
2597,20150914
2598,20150915
2599,20150916
2600,20150917
2601,20150918
2602,20150921
2603,20150922
2604,20150923
2605,20150924
2606,20150925
2607,20150928
2608,20150929
2609,20150930
2610,20151008
2611,20151009
2612,20151012
2613,20151013
2614,20151014
2615,20151015
2616,20151016
2617,20151019
2618,20151020
2619,20151021
2620,20151022
2621,20151023
2622,20151026
2623,20151027
2624,20151028
2625,20151029
2626,20151030
2627,20151102
2628,20151103
2629,20151104
2630,20151105
2631,20151106
2632,20151109
2633,20151110
2634,20151111
2635,20151112
2636,20151113
2637,20151116
2638,20151117
2639,20151118
2640,20151119
2641,20151120
2642,20151123
2643,20151124
2644,20151125
2645,20151126
2646,20151127
2647,20151130
2648,20151201
2649,20151202
2650,20151203
2651,20151204
2652,20151207
2653,20151208
2654,20151209
2655,20151210
2656,20151211
2657,20151214
2658,20151215
2659,20151216
2660,20151217
2661,20151218
2662,20151221
2663,20151222
2664,20151223
2665,20151224
2666,20151225
2667,20151228
2668,20151229
2669,20151230
2670,20151231
2671,20160104
2672,20160105
2673,20160106
2674,20160107
2675,20160108
2676,20160111
2677,20160112
2678,20160113
2679,20160114
2680,20160115
2681,20160118
2682,20160119
2683,20160120
2684,20160121
2685,20160122
2686,20160125
2687,20160126
2688,20160127
2689,20160128
2690,20160129
2691,20160201
2692,20160202
2693,20160203
2694,20160204
2695,20160205
2696,20160215
2697,20160216
2698,20160217
2699,20160218
2700,20160219
2701,20160222
2702,20160223
2703,20160224
2704,20160225
2705,20160226
2706,20160229
2707,20160301
2708,20160302
2709,20160303
2710,20160304
2711,20160307
2712,20160308
2713,20160309
2714,20160310
2715,20160311
2716,20160314
2717,20160315
2718,20160316
2719,20160317
2720,20160318
2721,20160321
2722,20160322
2723,20160323
2724,20160324
2725,20160325
2726,20160328
2727,20160329
2728,20160330
2729,20160331
2730,20160401
2731,20160405
2732,20160406
2733,20160407
2734,20160408
2735,20160411
2736,20160412
2737,20160413
2738,20160414
2739,20160415
2740,20160418
2741,20160419
2742,20160420
2743,20160421
2744,20160422
2745,20160425
2746,20160426
2747,20160427
2748,20160428
2749,20160429
2750,20160503
2751,20160504
2752,20160505
2753,20160506
2754,20160509
2755,20160510
2756,20160511
2757,20160512
2758,20160513
2759,20160516
2760,20160517
2761,20160518
2762,20160519
2763,20160520
2764,20160523
2765,20160524
2766,20160525
2767,20160526
2768,20160527
2769,20160530
2770,20160531
2771,20160601
2772,20160602
2773,20160603
2774,20160606
2775,20160607
2776,20160608
2777,20160613
2778,20160614
2779,20160615
2780,20160616
2781,20160617
2782,20160620
2783,20160621
2784,20160622
2785,20160623
2786,20160624
2787,20160627
2788,20160628
2789,20160629
2790,20160630
2791,20160701
2792,20160704
2793,20160705
2794,20160706
2795,20160707
2796,20160708
2797,20160711
2798,20160712
2799,20160713
2800,20160714
2801,20160715
2802,20160718
2803,20160719
2804,20160720
2805,20160721
2806,20160722
2807,20160725
2808,20160726
2809,20160727
2810,20160728
2811,20160729
2812,20160801
2813,20160802
2814,20160803
2815,20160804
2816,20160805
2817,20160808
2818,20160809
2819,20160810
2820,20160811
2821,20160812
2822,20160815
2823,20160816
2824,20160817
2825,20160818
2826,20160819
2827,20160822
2828,20160823
2829,20160824
2830,20160825
2831,20160826
2832,20160829
2833,20160830
2834,20160831
2835,20160901
2836,20160902
2837,20160905
2838,20160906
2839,20160907
2840,20160908
2841,20160909
2842,20160912
2843,20160913
2844,20160914
2845,20160919
2846,20160920
2847,20160921
2848,20160922
2849,20160923
2850,20160926
2851,20160927
2852,20160928
2853,20160929
2854,20160930
2855,20161010
2856,20161011
2857,20161012
2858,20161013
2859,20161014
2860,20161017
2861,20161018
2862,20161019
2863,20161020
2864,20161021
2865,20161024
2866,20161025
2867,20161026
2868,20161027
2869,20161028
2870,20161031
2871,20161101
2872,20161102
2873,20161103
2874,20161104
2875,20161107
2876,20161108
2877,20161109
2878,20161110
2879,20161111
2880,20161114
2881,20161115
2882,20161116
2883,20161117
2884,20161118
2885,20161121
2886,20161122
2887,20161123
2888,20161124
2889,20161125
2890,20161128
2891,20161129
2892,20161130
2893,20161201
2894,20161202
2895,20161205
2896,20161206
2897,20161207
2898,20161208
2899,20161209
2900,20161212
2901,20161213
2902,20161214
2903,20161215
2904,20161216
2905,20161219
2906,20161220
2907,20161221
2908,20161222
2909,20161223
2910,20161226
2911,20161227
2912,20161228
2913,20161229
2914,20161230
2915,20170103
2916,20170104
2917,20170105
2918,20170106
2919,20170109
2920,20170110
2921,20170111
2922,20170112
2923,20170113
2924,20170116
2925,20170117
2926,20170118
2927,20170119
2928,20170120
2929,20170123
2930,20170124
2931,20170125
2932,20170126
2933,20170203
2934,20170206
2935,20170207
2936,20170208
2937,20170209
2938,20170210
2939,20170213
2940,20170214
2941,20170215
2942,20170216
2943,20170217
2944,20170220
2945,20170221
2946,20170222
2947,20170223
2948,20170224
2949,20170227
2950,20170228
2951,20170301
2952,20170302
2953,20170303
2954,20170306
2955,20170307
2956,20170308
2957,20170309
2958,20170310
2959,20170313
2960,20170314
2961,20170315
2962,20170316
2963,20170317
2964,20170320
2965,20170321
2966,20170322
2967,20170323
2968,20170324
2969,20170327
2970,20170328
2971,20170329
2972,20170330
2973,20170331
2974,20170405
2975,20170406
2976,20170407
2977,20170410
2978,20170411
2979,20170412
2980,20170413
2981,20170414
2982,20170417
2983,20170418
2984,20170419
2985,20170420
2986,20170421
2987,20170424
2988,20170425
2989,20170426
2990,20170427
2991,20170428
2992,20170502
2993,20170503
2994,20170504
2995,20170505
2996,20170508
2997,20170509
2998,20170510
2999,20170511
3000,20170512
3001,20170515
3002,20170516
3003,20170517
3004,20170518
3005,20170519
3006,20170522
3007,20170523
3008,20170524
3009,20170525
3010,20170526
3011,20170531
3012,20170601
3013,20170602
3014,20170605
3015,20170606
3016,20170607
3017,20170608
3018,20170609
3019,20170612
3020,20170613
3021,20170614
3022,20170615
3023,20170616
3024,20170619
3025,20170620
3026,20170621
3027,20170622
3028,20170623
3029,20170626
3030,20170627
3031,20170628
3032,20170629
3033,20170630
3034,20170703
3035,20170704
3036,20170705
3037,20170706
3038,20170707
3039,20170710
3040,20170711
3041,20170712
3042,20170713
3043,20170714
3044,20170717
3045,20170718
3046,20170719
3047,20170720
3048,20170721
3049,20170724
3050,20170725
3051,20170726
3052,20170727
3053,20170728
3054,20170731
3055,20170801
3056,20170802
3057,20170803
3058,20170804
3059,20170807
3060,20170808
3061,20170809
3062,20170810
3063,20170811
3064,20170814
3065,20170815
3066,20170816
3067,20170817
3068,20170818
3069,20170821
3070,20170822
3071,20170823
3072,20170824
3073,20170825
3074,20170828
3075,20170829
3076,20170830
3077,20170831
3078,20170901
3079,20170904
3080,20170905
3081,20170906
3082,20170907
3083,20170908
3084,20170911
3085,20170912
3086,20170913
3087,20170914
3088,20170915
3089,20170918
3090,20170919
3091,20170920
3092,20170921
3093,20170922
3094,20170925
3095,20170926
3096,20170927
3097,20170928
3098,20170929
3099,20171009
3100,20171010
3101,20171011
3102,20171012
3103,20171013
3104,20171016
3105,20171017
3106,20171018
3107,20171019
3108,20171020
3109,20171023
3110,20171024
3111,20171025
3112,20171026
3113,20171027
3114,20171030
3115,20171031
3116,20171101
3117,20171102
3118,20171103
3119,20171106
3120,20171107
3121,20171108
3122,20171109
3123,20171110
3124,20171113
3125,20171114
3126,20171115
3127,20171116
3128,20171117
3129,20171120
3130,20171121
3131,20171122
3132,20171123
3133,20171124
3134,20171127
3135,20171128
3136,20171129
3137,20171130
3138,20171201
3139,20171204
3140,20171205
3141,20171206
3142,20171207
3143,20171208
3144,20171211
3145,20171212
3146,20171213
3147,20171214
3148,20171215
3149,20171218
3150,20171219
3151,20171220
3152,20171221
3153,20171222
3154,20171225
3155,20171226
3156,20171227
3157,20171228
3158,20171229
3159,20180102
3160,20180103
3161,20180104
3162,20180105
3163,20180108
3164,20180109
3165,20180110
3166,20180111
3167,20180112
3168,20180115
3169,20180116
3170,20180117
3171,20180118
3172,20180119
3173,20180122
3174,20180123
3175,20180124
3176,20180125
3177,20180126
3178,20180129
3179,20180130
3180,20180131
3181,20180201
3182,20180202
3183,20180205
3184,20180206
3185,20180207
3186,20180208
3187,20180209
3188,20180212
3189,20180213
3190,20180214
3191,20180219
3192,20180220
3193,20180221
3194,20180222
3195,20180223
3196,20180226
3197,20180227
3198,20180228
3199,20180301
3200,20180302
3201,20180305
3202,20180306
3203,20180307
3204,20180308
3205,20180309
3206,20180312
3207,20180313
3208,20180314
3209,20180315
3210,20180316
3211,20180319
3212,20180320
3213,20180321
3214,20180322
3215,20180323
3216,20180326
3217,20180327
3218,20180328
3219,20180329
3220,20180330
3221,20180402
3222,20180403
3223,20180404
3224,20180406
3225,20180409
3226,20180410
3227,20180411
3228,20180412
3229,20180413
3230,20180416
3231,20180417
3232,20180418
3233,20180419
3234,20180420
3235,20180423
3236,20180424
3237,20180425
3238,20180426
3239,20180427
3240,20180430
3241,20180502
3242,20180503
3243,20180504
3244,20180507
3245,20180508
3246,20180509
3247,20180510
3248,20180511
3249,20180514
3250,20180515
3251,20180516
3252,20180517
3253,20180518
3254,20180521
3255,20180522
3256,20180523
3257,20180524
3258,20180525
3259,20180528
3260,20180529
3261,20180530
3262,20180531
3263,20180601
3264,20180604
3265,20180605
3266,20180606
3267,20180607
3268,20180608
3269,20180611
3270,20180612
3271,20180613
3272,20180614
3273,20180615
3274,20180619
3275,20180620
3276,20180621
3277,20180622
3278,20180625
3279,20180626
3280,20180627
3281,20180628
3282,20180629
3283,20180702
3284,20180703
3285,20180704
3286,20180705
3287,20180706
3288,20180709
3289,20180710
3290,20180711
3291,20180712
3292,20180713
3293,20180716
3294,20180717
3295,20180718
3296,20180719
3297,20180720
3298,20180723
3299,20180724
3300,20180725
3301,20180726
3302,20180727
3303,20180730
3304,20180731
3305,20180801
3306,20180802
3307,20180803
3308,20180806
3309,20180807
3310,20180808
3311,20180809
3312,20180810
3313,20180813
3314,20180814
3315,20180815
3316,20180816
3317,20180817
3318,20180820
3319,20180821
3320,20180822
3321,20180823
3322,20180824
3323,20180827
3324,20180828
3325,20180829
3326,20180830
3327,20180831
3328,20180903
3329,20180904
3330,20180905
3331,20180906
3332,20180907
3333,20180910
3334,20180911
3335,20180912
3336,20180913
3337,20180914
3338,20180917
3339,20180918
3340,20180919
3341,20180920
3342,20180921
3343,20180925
3344,20180926
3345,20180927
3346,20180928
3347,20181002
3348,20181003
3349,20181004
3350,20181005
3351,20181008
3352,20181009
3353,20181010
3354,20181011
3355,20181012
3356,20181015
3357,20181016
3358,20181017
3359,20181018
3360,20181019
3361,20181022
3362,20181023
3363,20181024
3364,20181025
3365,20181026
3366,20181029
3367,20181030
3368,20181031
3369,20181101
3370,20181102
3371,20181105
3372,20181106
3373,20181107
3374,20181108
3375,20181109
3376,20181112
3377,20181113
3378,20181114
3379,20181115
3380,20181116
3381,20181119
3382,20181120
3383,20181121
3384,20181122
3385,20181123
3386,20181126
3387,20181127
3388,20181128
3389,20181129
3390,20181130
3391,20181203
3392,20181204
3393,20181205
3394,20181206
3395,20181207
3396,20181210
3397,20181211
3398,20181212
3399,20181213
3400,20181214
3401,20181217
3402,20181218
3403,20181219
3404,20181220
3405,20181221
3406,20181224
3407,20181225
3408,20181226
3409,20181227
3410,20181228
3411,20181231
